3.999999999999999667e-01,3.999999999999999667e-01,5.666666666666667629e-01,0.000000000000000000e+00,0.000000000000000000e+00,0.000000000000000000e+00
4.079643922598586436e-01,3.818324311640682311e-01,5.836719609601219716e-01,0.000000000000000000e+00,0.000000000000000000e+00,0.000000000000000000e+00
4.159332389506187333e-01,3.636851813692477675e-01,6.006359661335558542e-01,0.000000000000000000e+00,0.000000000000000000e+00,0.000000000000000000e+00
4.239109692436643373e-01,3.455785347657905904e-01,6.175174933175751057e-01,0.000000000000000000e+00,0.000000000000000000e+00,0.000000000000000000e+00
4.319019618614443612e-01,3.275327057981762824e-01,6.342755539006322829e-01,0.000000000000000000e+00,0.000000000000000000e+00,0.000000000000000000e+00
4.399105200280777339e-01,3.095678045419134605e-01,6.508694590500146981e-01,0.000000000000000000e+00,0.000000000000000000e+00,0.000000000000000000e+00
4.479408466295560221e-01,2.917038022674648401e-01,6.672589185049652150e-01,0.000000000000000000e+00,0.000000000000000000e+00,0.000000000000000000e+00
4.559970196525904296e-01,2.739604973061708915e-01,6.834041384020643761e-01,0.000000000000000000e+00,0.000000000000000000e+00,0.000000000000000000e+00
4.640829679704547850e-01,2.563574812923338220e-01,6.992659178953523069e-01,0.000000000000000000e+00,0.000000000000000000e+00,0.000000000000000000e+00
4.722024475433062030e-01,2.389141058547372132e-01,7.148057443365943842e-01,0.000000000000000000e+00,0.000000000000000000e+00,0.000000000000000000e+00
4.803590180994254943e-01,2.216494498298189619e-01,7.299858867845925303e-01,0.000000000000000000e+00,0.000000000000000000e+00,0.000000000000000000e+00
4.885560203626183595e-01,2.045822870674820493e-01,7.447694876164993039e-01,0.000000000000000000e+00,0.000000000000000000e+00,0.000000000000000000e+00
4.967965538896441657e-01,1.877310548991345251e-01,7.591206520187020468e-01,0.000000000000000000e+00,0.000000000000000000e+00,0.000000000000000000e+00
5.050834555800179926e-01,1.711138233359880967e-01,7.730045351399899012e-01,0.000000000000000000e+00,0.000000000000000000e+00,0.000000000000000000e+00
5.134192789188370964e-01,1.547482650639244450e-01,7.863874266953974068e-01,0.000000000000000000e+00,0.000000000000000000e+00,0.000000000000000000e+00
5.218062740114566278e-01,1.386516262993620907e-01,7.992368328153021118e-01,0.000000000000000000e+00,0.000000000000000000e+00,0.000000000000000000e+00
5.302463684668416999e-01,1.228406985685298186e-01,8.115215549410473850e-01,0.000000000000000000e+00,0.000000000000000000e+00,0.000000000000000000e+00
5.387411491843040467e-01,1.073317914703779963e-01,8.232117655755298857e-01,0.000000000000000000e+00,0.000000000000000000e+00,0.000000000000000000e+00
5.472918450960599923e-01,9.214070648104302763e-02,8.342790807048283686e-01,0.000000000000000000e+00,0.000000000000000000e+00,0.000000000000000000e+00
5.558993109156480372e-01,7.728271185533247545e-02,8.446966287150323716e-01,0.000000000000000000e+00,0.000000000000000000e+00,0.000000000000000000e+00
5.645640119397223877e-01,6.277251867811332875e-02,8.544391156369404161e-01,0.000000000000000000e+00,0.000000000000000000e+00,0.000000000000000000e+00
5.732860099480872051e-01,4.862425811578549584e-02,8.634828865602119929e-01,0.000000000000000000e+00,0.000000000000000000e+00,0.000000000000000000e+00
5.820649502440843337e-01,3.485145991520002817e-02,8.718059830678592803e-01,0.000000000000000000e+00,0.000000000000000000e+00,0.000000000000000000e+00
5.909000498745741181e-01,2.146703219444991151e-02,8.793881965516265886e-01,0.000000000000000000e+00,0.000000000000000000e+00,0.000000000000000000e+00
5.997900870657888461e-01,8.483242566927562400e-03,8.862111172788058600e-01,0.000000000000000000e+00,0.000000000000000000e+00,0.000000000000000000e+00
6.087333919082736911e-01,-4.088299363087452565e-03,8.922581790913562960e-01,0.000000000000000000e+00,0.000000000000000000e+00,0.000000000000000000e+00
6.177278383209896528e-01,-1.623665809826584094e-02,8.975146996287937107e-01,0.000000000000000000e+00,0.000000000000000000e+00,0.000000000000000000e+00
6.267708373214297968e-01,-2.795158690774460220e-02,9.019679159771913923e-01,0.000000000000000000e+00,0.000000000000000000e+00,0.000000000000000000e+00
6.358593316253083882e-01,-3.922354101994914022e-02,9.056070156577344932e-01,0.000000000000000000e+00,0.000000000000000000e+00,0.000000000000000000e+00
6.449897915960300931e-01,-5.004368932378228108e-02,9.084231628795870206e-01,0.000000000000000000e+00,0.000000000000000000e+00,0.000000000000000000e+00
6.541582125607381393e-01,-6.040392455673643246e-02,9.104095199933304183e-01,0.000000000000000000e+00,0.000000000000000000e+00,0.000000000000000000e+00
6.633601135062938692e-01,-7.029687196202340227e-02,9.115612640928825172e-01,0.000000000000000000e+00,0.000000000000000000e+00,0.000000000000000000e+00
6.725905371650435782e-01,-7.971589640039715430e-02,9.118755987255893203e-01,0.000000000000000000e+00,0.000000000000000000e+00,0.000000000000000000e+00
6.818440514967223365e-01,-8.865510790595559909e-02,9.113517606820554784e-01,0.000000000000000000e+00,0.000000000000000000e+00,0.000000000000000000e+00
6.911147525693006610e-01,-9.710936567883769743e-02,9.099910218492284208e-01,0.000000000000000000e+00,0.000000000000000000e+00,0.000000000000000000e+00
7.003962688380399593e-01,-1.050742805113824840e-01,9.077966861222372952e-01,0.000000000000000000e+00,0.000000000000000000e+00,0.000000000000000000e+00
7.096817668184705052e-01,-1.125462156479609260e-01,9.047740813824840522e-01,0.000000000000000000e+00,0.000000000000000000e+00,0.000000000000000000e+00
7.189639581454646544e-01,-1.195222860823430683e-01,9.009305465614639852e-01,0.000000000000000000e+00,0.000000000000000000e+00,0.000000000000000000e+00
7.282351080070571525e-01,-1.260003563000924864e-01,8.962754138217254862e-01,0.000000000000000000e+00,0.000000000000000000e+00,0.000000000000000000e+00
7.374870449381532023e-01,-1.319790364770934976e-01,8.908199858982337460e-01,0.000000000000000000e+00,0.000000000000000000e+00,0.000000000000000000e+00
7.467111719558043870e-01,-1.374576771488969229e-01,8.845775086551542765e-01,0.000000000000000000e+00,0.000000000000000000e+00,0.000000000000000000e+00
7.558984790142986299e-01,-1.424363623691108083e-01,8.775631389246869585e-01,0.000000000000000000e+00,0.000000000000000000e+00,0.000000000000000000e+00
7.650395567549351794e-01,-1.469159013785602264e-01,8.697939077060417024e-01,0.000000000000000000e+00,0.000000000000000000e+00,0.000000000000000000e+00
7.741246115220332680e-01,-1.508978188103770601e-01,8.612886788139061389e-01,0.000000000000000000e+00,0.000000000000000000e+00,0.000000000000000000e+00
7.831434816134681398e-01,-1.543843434595536246e-01,8.520681030768090247e-01,0.000000000000000000e+00,0.000000000000000000e+00,0.000000000000000000e+00
7.920856547308493534e-01,-1.573783956488012947e-01,8.421545681965865171e-01,0.000000000000000000e+00,0.000000000000000000e+00,0.000000000000000000e+00
8.009402865913574088e-01,-1.598835732257726239e-01,8.315721443906919363e-01,0.000000000000000000e+00,0.000000000000000000e+00,0.000000000000000000e+00
8.096962206602436041e-01,-1.619041362298432041e-01,8.203465259493325501e-01,0.000000000000000000e+00,0.000000000000000000e+00,0.000000000000000000e+00
8.183420089600890179e-01,-1.634449902696883394e-01,8.085049688493322062e-01,0.000000000000000000e+00,0.000000000000000000e+00,0.000000000000000000e+00
8.268659339101083194e-01,-1.645116686558241725e-01,7.960762245761929812e-01,0.000000000000000000e+00,0.000000000000000000e+00,0.000000000000000000e+00
8.352560311460905940e-01,-1.651103133351148333e-01,7.830904703150403101e-01,0.000000000000000000e+00,0.000000000000000000e+00,0.000000000000000000e+00
8.435001132689841086e-01,-1.652476546769520160e-01,7.695792356799466827e-01,0.000000000000000000e+00,0.000000000000000000e+00,0.000000000000000000e+00
8.515857944676863411e-01,-1.649309901634075370e-01,7.555753261595353765e-01,0.000000000000000000e+00,0.000000000000000000e+00,0.000000000000000000e+00
8.595005159592679078e-01,-1.641681620381136297e-01,7.411127434647427625e-01,0.000000000000000000e+00,0.000000000000000000e+00,0.000000000000000000e+00
8.672315721876737715e-01,-1.629675339709538706e-01,7.262266029721335947e-01,0.000000000000000000e+00,0.000000000000000000e+00,0.000000000000000000e+00
8.747661377198985289e-01,-1.613379667978290244e-01,7.109530484632176073e-01,0.000000000000000000e+00,0.000000000000000000e+00,0.000000000000000000e+00
8.820912947767333145e-01,-1.592887933968036851e-01,6.953291643667840471e-01,0.000000000000000000e+00,0.000000000000000000e+00,0.000000000000000000e+00
8.891940613334249344e-01,-1.568297927638232503e-01,6.793928857173305857e-01,0.000000000000000000e+00,0.000000000000000000e+00,0.000000000000000000e+00
8.960614197240077683e-01,-1.539711633529310952e-01,6.631829060482056226e-01,0.000000000000000000e+00,0.000000000000000000e+00,0.000000000000000000e+00
9.026803456816192561e-01,-1.507234957474833659e-01,6.467385834431067515e-01,0.000000000000000000e+00,0.000000000000000000e+00,0.000000000000000000e+00
9.090378377458536718e-01,-1.470977447302765917e-01,6.300998449740381480e-01,0.000000000000000000e+00,0.000000000000000000e+00,0.000000000000000000e+00
9.151209469670914531e-01,-1.431052008217459925e-01,6.133070897577574954e-01,0.000000000000000000e+00,0.000000000000000000e+00,0.000000000000000000e+00
9.209168068368202009e-01,-1.387574613564731829e-01,5.964010908660883903e-01,0.000000000000000000e+00,0.000000000000000000e+00,0.000000000000000000e+00
9.264126633721841975e-01,-1.340664011691440338e-01,5.794228963282663791e-01,0.000000000000000000e+00,0.000000000000000000e+00,0.000000000000000000e+00
9.315959052824265285e-01,-1.290441429618363889e-01,5.624137294656832431e-01,0.000000000000000000e+00,0.000000000000000000e+00,0.000000000000000000e+00
9.364540941444585709e-01,-1.237030274250696671e-01,5.454148888010185159e-01,0.000000000000000000e+00,0.000000000000000000e+00,0.000000000000000000e+00
9.409749945145643446e-01,-1.180555831854335491e-01,5.284676477847818354e-01,0.000000000000000000e+00,0.000000000000000000e+00,0.000000000000000000e+00
9.451466039031802824e-01,-1.121144966528190984e-01,5.116131545827314886e-01,0.000000000000000000e+00,0.000000000000000000e+00,0.000000000000000000e+00
9.489571825398077642e-01,-1.058925818402984553e-01,4.948923321674844056e-01,0.000000000000000000e+00,0.000000000000000000e+00,0.000000000000000000e+00
9.523952828554164141e-01,-9.940275022955666340e-02,4.783457789569005580e-01,0.000000000000000000e+00,0.000000000000000000e+00,0.000000000000000000e+00
9.554497786101512347e-01,-9.265798075444561799e-02,4.620136702404905593e-01,0.000000000000000000e+00,0.000000000000000000e+00,0.000000000000000000e+00
9.581098935948221262e-01,-8.567128997473338892e-02,4.459356606331852380e-01,0.000000000000000000e+00,0.000000000000000000e+00,0.000000000000000000e+00
9.603652298354562467e-01,-7.845570251144327878e-02,4.301507877933117285e-01,0.000000000000000000e+00,0.000000000000000000e+00,0.000000000000000000e+00
9.622057952311975360e-01,-7.102422181432710424e-02,4.146973776385493027e-01,0.000000000000000000e+00,0.000000000000000000e+00,0.000000000000000000e+00
9.636220305569960232e-01,-6.338980133099816894e-02,3.996129512900036262e-01,0.000000000000000000e+00,0.000000000000000000e+00,0.000000000000000000e+00
9.646048357638582482e-01,-5.556531614606124991e-02,3.849341339703382658e-01,0.000000000000000000e+00,0.000000000000000000e+00,0.000000000000000000e+00
9.651455955109269347e-01,-4.756353515722434172e-02,3.706965660771623927e-01,0.000000000000000000e+00,0.000000000000000000e+00,0.000000000000000000e+00
9.652362038653091725e-01,-3.939709385386278018e-02,3.569348166475895257e-01,0.000000000000000000e+00,0.000000000000000000e+00,0.000000000000000000e+00
9.648690881073869186e-01,-3.107846776183185999e-02,3.436822994240749107e-01,0.000000000000000000e+00,0.000000000000000000e+00,0.000000000000000000e+00
9.640372315813067194e-01,-2.261994661650339189e-02,3.309711917253278513e-01,0.000000000000000000e+00,0.000000000000000000e+00,0.000000000000000000e+00
9.627341955324559830e-01,-1.403360932402382411e-02,3.188323563192796417e-01,0.000000000000000000e+00,0.000000000000000000e+00,0.000000000000000000e+00
9.609541398759919861e-01,-5.331299768672151385e-03,3.072952664878004225e-01,0.000000000000000000e+00,0.000000000000000000e+00,0.000000000000000000e+00
9.586918428428751193e-01,3.475396478058154215e-03,2.963879344651112469e-01,0.000000000000000000e+00,0.000000000000000000e+00,0.000000000000000000e+00
9.559427194523937299e-01,1.237517449342090403e-02,2.861368434236423730e-01,0.000000000000000000e+00,0.000000000000000000e+00,0.000000000000000000e+00
9.527028387628045936e-01,2.135703133370951690e-02,2.765668831724764076e-01,0.000000000000000000e+00,0.000000000000000000e+00,0.000000000000000000e+00
9.489689398544947085e-01,3.041028631080279487e-02,2.677012897245041323e-01,0.000000000000000000e+00,0.000000000000000000e+00,0.000000000000000000e+00
9.447384465029460276e-01,3.952460016964121081e-02,2.595615888790213099e-01,0.000000000000000000e+00,0.000000000000000000e+00,0.000000000000000000e+00
9.400094805017749078e-01,4.868999312417318648e-02,2.521675439567532262e-01,0.000000000000000000e+00,0.000000000000000000e+00,0.000000000000000000e+00
9.347808735992106932e-01,5.789686171226758604e-02,2.455371078142029040e-01,0.000000000000000000e+00,0.000000000000000000e+00,0.000000000000000000e+00
9.290521780145475361e-01,6.713599443315161619e-02,2.396863792538348470e-01,0.000000000000000000e+00,0.000000000000000000e+00,0.000000000000000000e+00
9.228236755043783823e-01,7.639858613406265431e-02,2.346295639359316509e-01,0.000000000000000000e+00,0.000000000000000000e+00,0.000000000000000000e+00
9.160963849517507196e-01,8.567625111603172083e-02,2.303789398870294547e-01,0.000000000000000000e+00,0.000000000000000000e+00,0.000000000000000000e+00
9.088720684547966222e-01,9.496103493199710421e-02,2.269448276886771865e-01,0.000000000000000000e+00,0.000000000000000000e+00,0.000000000000000000e+00
9.011532358948544097e-01,1.042454248538033784e-01,2.243355654189037041e-01,0.000000000000000000e+00,0.000000000000000000e+00,0.000000000000000000e+00
8.929431479676208649e-01,1.135223589880384465e-01,2.225574884072346604e-01,0.000000000000000000e+00,0.000000000000000000e+00,0.000000000000000000e+00
8.842458176644327761e-01,1.227852340241198104e-01,2.216149138524123319e-01,0.000000000000000000e+00,0.000000000000000000e+00,0.000000000000000000e+00
8.750660101943777969e-01,1.320279116015197207e-01,2.215101303401708632e-01,0.000000000000000000e+00,0.000000000000000000e+00,0.000000000000000000e+00
8.654092413415535034e-01,1.412447232865382540e-01,2.222433922865139078e-01,0.000000000000000000e+00,0.000000000000000000e+00,0.000000000000000000e+00
8.552817742554386093e-01,1.504304741525684386e-01,2.238129193199883682e-01,0.000000000000000000e+00,0.000000000000000000e+00,0.000000000000000000e+00
8.446906146759853851e-01,1.595804449613419940e-01,2.262149006044544275e-01,0.000000000000000000e+00,0.000000000000000000e+00,0.000000000000000000e+00
8.336435045986946291e-01,1.686903929461922858e-01,2.294435040918550994e-01,0.000000000000000000e+00,0.000000000000000000e+00,0.000000000000000000e+00
8.221489143885746254e-01,1.777565512019134153e-01,2.334908906825199915e-01,0.000000000000000000e+00,0.000000000000000000e+00,0.000000000000000000e+00
8.102160333555037397e-01,1.867756266893235151e-01,2.383472332586211717e-01,0.000000000000000000e+00,0.000000000000000000e+00,0.000000000000000000e+00
7.978547588071202012e-01,1.957447968661378268e-01,2.440007405445698274e-01,0.000000000000000000e+00,0.000000000000000000e+00,0.000000000000000000e+00
7.850756835989164406e-01,2.046617049592338033e-01,2.504376857364161713e-01,0.000000000000000000e+00,0.000000000000000000e+00,0.000000000000000000e+00
7.718900822047363164e-01,2.135244538968169015e-01,2.576424398307446961e-01,0.000000000000000000e+00,0.000000000000000000e+00,0.000000000000000000e+00
7.583098953343390125e-01,2.223315989223781375e-01,2.655975095721380685e-01,0.000000000000000000e+00,0.000000000000000000e+00,0.000000000000000000e+00
7.443477131280997749e-01,2.310821389156559325e-01,2.742835799270737507e-01,0.000000000000000000e+00,0.000000000000000000e+00,0.000000000000000000e+00
7.300167569622461050e-01,2.397755064490768584e-01,2.836795609811284535e-01,0.000000000000000000e+00,0.000000000000000000e+00,0.000000000000000000e+00
7.153308599013027402e-01,2.484115566113263007e-01,2.937626391456181763e-01,0.000000000000000000e+00,0.000000000000000000e+00,0.000000000000000000e+00
7.003044458375801140e-01,2.569905546328107859e-01,3.045083325493485593e-01,0.000000000000000000e+00,0.000000000000000000e+00,0.000000000000000000e+00
6.849525073606299586e-01,2.655131623507823169e-01,3.158905504809795817e-01,0.000000000000000000e+00,0.000000000000000000e+00,0.000000000000000000e+00
6.692905824025778827e-01,2.739804235548135569e-01,3.278816567376809932e-01,0.000000000000000000e+00,0.000000000000000000e+00,0.000000000000000000e+00
6.533347297081164573e-01,2.823937482561258427e-01,3.404525367262628555e-01,0.000000000000000000e+00,0.000000000000000000e+00,0.000000000000000000e+00
6.371015031807031326e-01,2.907548959269785627e-01,3.535726681538637894e-01,0.000000000000000000e+00,0.000000000000000000e+00,0.000000000000000000e+00
6.206079251591603008e-01,2.990659577589073193e-01,3.672101951365538408e-01,0.000000000000000000e+00,0.000000000000000000e+00,0.000000000000000000e+00
6.038714586813799245e-01,3.073293379910694845e-01,3.813320055459176738e-01,0.000000000000000000e+00,0.000000000000000000e+00,0.000000000000000000e+00
5.869099787942244628e-01,3.155477343622835606e-01,3.959038114058199831e-01,0.000000000000000000e+00,0.000000000000000000e+00,0.000000000000000000e+00
5.697417429709643599e-01,3.237241177425478900e-01,4.108902321441463279e-01,0.000000000000000000e+00,0.000000000000000000e+00,0.000000000000000000e+00
5.523853606996833587e-01,3.318617110018856620e-01,4.262548804973849137e-01,0.000000000000000000e+00,0.000000000000000000e+00,0.000000000000000000e+00
5.348597623080505459e-01,3.399639671762676452e-01,4.419604508594697223e-01,0.000000000000000000e+00,0.000000000000000000e+00,0.000000000000000000e+00
5.171841670916379474e-01,3.480345469921367063e-01,4.579688098603755253e-01,0.000000000000000000e+00,0.000000000000000000e+00,0.000000000000000000e+00
4.993780508146243857e-01,3.560772958126546817e-01,4.742410889545348729e-01,0.000000000000000000e+00,0.000000000000000000e+00,0.000000000000000000e+00
4.814611126531865848e-01,3.640962200702491103e-01,4.907377787942737712e-01,0.000000000000000000e+00,0.000000000000000000e+00,0.000000000000000000e+00
4.634532416532043397e-01,3.720954632513208127e-01,5.074188251591246201e-01,0.000000000000000000e+00,0.000000000000000000e+00,0.000000000000000000e+00
4.453744827750449331e-01,3.800792815000956781e-01,5.242437262080990035e-01,0.000000000000000000e+00,0.000000000000000000e+00,0.000000000000000000e+00
4.272450025991695322e-01,3.880520189095570949e-01,5.411716308187889402e-01,0.000000000000000000e+00,0.000000000000000000e+00,0.000000000000000000e+00
4.090850547670981663e-01,3.960180825681831052e-01,5.581614377745311995e-01,0.000000000000000000e+00,0.000000000000000000e+00,0.000000000000000000e+00
3.909149452329019891e-01,4.039819174318167172e-01,5.751718955588022153e-01,0.000000000000000000e+00,0.000000000000000000e+00,0.000000000000000000e+00
3.727549974008306233e-01,4.119479810904427275e-01,5.921617025145444746e-01,0.000000000000000000e+00,0.000000000000000000e+00,0.000000000000000000e+00
3.546255172249552223e-01,4.199207184999041442e-01,6.090896071252343003e-01,0.000000000000000000e+00,0.000000000000000000e+00,0.000000000000000000e+00
3.365467583467960933e-01,4.279045367486788431e-01,6.259145081742083505e-01,0.000000000000000000e+00,0.000000000000000000e+00,0.000000000000000000e+00
3.185388873468135151e-01,4.359037799297507676e-01,6.425955545390595880e-01,0.000000000000000000e+00,0.000000000000000000e+00,0.000000000000000000e+00
3.006219491853757142e-01,4.439227041873451962e-01,6.590922443787985419e-01,0.000000000000000000e+00,0.000000000000000000e+00,0.000000000000000000e+00
2.828158329083621525e-01,4.519654530078631161e-01,6.753645234729578339e-01,0.000000000000000000e+00,0.000000000000000000e+00,0.000000000000000000e+00
2.651402376919496096e-01,4.600360328237321772e-01,6.913728824738636369e-01,0.000000000000000000e+00,0.000000000000000000e+00,0.000000000000000000e+00
2.476146393003167412e-01,4.681382889981142159e-01,7.070784528359483900e-01,0.000000000000000000e+00,0.000000000000000000e+00,0.000000000000000000e+00
2.302582570290360731e-01,4.762758822574518214e-01,7.224431011891867538e-01,0.000000000000000000e+00,0.000000000000000000e+00,0.000000000000000000e+00
2.130900212057756371e-01,4.844522656377163172e-01,7.374295219275133206e-01,0.000000000000000000e+00,0.000000000000000000e+00,0.000000000000000000e+00
1.961285413186202586e-01,4.926706620089303379e-01,7.520013277874156854e-01,0.000000000000000000e+00,0.000000000000000000e+00,0.000000000000000000e+00
1.793920748408397436e-01,5.009340422410925031e-01,7.661231381967795739e-01,0.000000000000000000e+00,0.000000000000000000e+00,0.000000000000000000e+00
1.628984968192969673e-01,5.092451040730212597e-01,7.797606651794695143e-01,0.000000000000000000e+00,0.000000000000000000e+00,0.000000000000000000e+00
1.466652702918836426e-01,5.176062517438739796e-01,7.928807966070705593e-01,0.000000000000000000e+00,0.000000000000000000e+00,0.000000000000000000e+00
1.307094175974221617e-01,5.260195764451863765e-01,8.054516765956525326e-01,0.000000000000000000e+00,0.000000000000000000e+00,0.000000000000000000e+00
1.150474926393704328e-01,5.344868376492173390e-01,8.174427828523536110e-01,0.000000000000000000e+00,0.000000000000000000e+00,0.000000000000000000e+00
9.969555416241999979e-02,5.430094453671890919e-01,8.288250007839849109e-01,0.000000000000000000e+00,0.000000000000000000e+00,0.000000000000000000e+00
8.466914009869729030e-02,5.515884433886735216e-01,8.395706941877152385e-01,0.000000000000000000e+00,0.000000000000000000e+00,0.000000000000000000e+00
6.998324303775400879e-02,5.602244935509229640e-01,8.496537723522049612e-01,0.000000000000000000e+00,0.000000000000000000e+00,0.000000000000000000e+00
5.565228687190025558e-02,5.689178610843439454e-01,8.590497534062596641e-01,0.000000000000000000e+00,0.000000000000000000e+00,0.000000000000000000e+00
4.169010466566094864e-02,5.776684010776217404e-01,8.677358237611954017e-01,0.000000000000000000e+00,0.000000000000000000e+00,0.000000000000000000e+00
2.810991779526399170e-02,5.864755461031827544e-01,8.756908935025886631e-01,0.000000000000000000e+00,0.000000000000000000e+00,0.000000000000000000e+00
1.492431640108364543e-02,5.953382950407659635e-01,8.828956475969171880e-01,0.000000000000000000e+00,0.000000000000000000e+00,0.000000000000000000e+00
2.145241192879773773e-03,6.042552031338620511e-01,8.893325927887636428e-01,0.000000000000000000e+00,0.000000000000000000e+00,0.000000000000000000e+00
-1.021603335550379243e-02,6.132243733106763628e-01,8.949861000747123541e-01,0.000000000000000000e+00,0.000000000000000000e+00,0.000000000000000000e+00
-2.214891438857462258e-02,6.222434487980863516e-01,8.998424426508135898e-01,0.000000000000000000e+00,0.000000000000000000e+00,0.000000000000000000e+00
-3.364350459869458465e-02,6.313096070538075644e-01,9.038898292414783153e-01,0.000000000000000000e+00,0.000000000000000000e+00,0.000000000000000000e+00
-4.469061467598510473e-02,6.404195550386576619e-01,9.071184327288790428e-01,0.000000000000000000e+00,0.000000000000000000e+00,0.000000000000000000e+00
-5.528177425543844004e-02,6.495695258474313283e-01,9.095204140133450466e-01,0.000000000000000000e+00,0.000000000000000000e+00,0.000000000000000000e+00
-6.540924134155338965e-02,6.587552767134616793e-01,9.110899410468196180e-01,0.000000000000000000e+00,0.000000000000000000e+00,0.000000000000000000e+00
-7.506601019437764144e-02,6.679720883984801016e-01,9.118232029931625515e-01,0.000000000000000000e+00,0.000000000000000000e+00,0.000000000000000000e+00
-8.424581766443269004e-02,6.772147659758799287e-01,9.117184194809211384e-01,0.000000000000000000e+00,0.000000000000000000e+00,0.000000000000000000e+00
-9.294314796762077890e-02,6.864776410119614036e-01,9.107758449260987543e-01,0.000000000000000000e+00,0.000000000000000000e+00,0.000000000000000000e+00
-1.011532358948542681e-01,6.957545751461964301e-01,9.089977679144296552e-01,0.000000000000000000e+00,0.000000000000000000e+00,0.000000000000000000e+00
-1.088720684547964807e-01,7.050389650680026765e-01,9.063885056446563393e-01,0.000000000000000000e+00,0.000000000000000000e+00,0.000000000000000000e+00
-1.160963849517506197e-01,7.143237488839682126e-01,9.029543934463040156e-01,0.000000000000000000e+00,0.000000000000000000e+00,0.000000000000000000e+00
-1.228236755043783102e-01,7.236014138659371264e-01,8.987037693974018193e-01,0.000000000000000000e+00,0.000000000000000000e+00,0.000000000000000000e+00
-1.290521780145476027e-01,7.328640055668482756e-01,8.936469540794987898e-01,0.000000000000000000e+00,0.000000000000000000e+00,0.000000000000000000e+00
-1.347808735992107043e-01,7.421031382877322224e-01,8.877962255191306218e-01,0.000000000000000000e+00,0.000000000000000000e+00,0.000000000000000000e+00
-1.400094805017748911e-01,7.513100068758266081e-01,8.811657893765802996e-01,0.000000000000000000e+00,0.000000000000000000e+00,0.000000000000000000e+00
-1.447384465029458722e-01,7.604753998303583895e-01,8.737717444543123824e-01,0.000000000000000000e+00,0.000000000000000000e+00,0.000000000000000000e+00
-1.489689398544947196e-01,7.695897136891968193e-01,8.656320436088297265e-01,0.000000000000000000e+00,0.000000000000000000e+00,0.000000000000000000e+00
-1.527028387628046047e-01,7.786429686662902361e-01,8.567664501608573957e-01,0.000000000000000000e+00,0.000000000000000000e+00,0.000000000000000000e+00
-1.559427194523937410e-01,7.876248255065787518e-01,8.471964899096915413e-01,0.000000000000000000e+00,0.000000000000000000e+00,0.000000000000000000e+00
-1.586918428428751304e-01,7.965246035219418763e-01,8.369453988682221679e-01,0.000000000000000000e+00,0.000000000000000000e+00,0.000000000000000000e+00
-1.609541398759919972e-01,8.053312997686721264e-01,8.260380668455331588e-01,0.000000000000000000e+00,0.000000000000000000e+00,0.000000000000000000e+00
-1.627341955324561051e-01,8.140336093240236881e-01,8.145009770140538841e-01,0.000000000000000000e+00,0.000000000000000000e+00,0.000000000000000000e+00
-1.640372315813067305e-01,8.226199466165032836e-01,8.023621416080056745e-01,0.000000000000000000e+00,0.000000000000000000e+00,0.000000000000000000e+00
-1.648690881073869852e-01,8.310784677618316962e-01,7.896510339092587261e-01,0.000000000000000000e+00,0.000000000000000000e+00,0.000000000000000000e+00
-1.652362038653092113e-01,8.393970938538627413e-01,7.763985166857442222e-01,0.000000000000000000e+00,0.000000000000000000e+00,0.000000000000000000e+00
-1.651455955109270568e-01,8.475635351572242682e-01,7.626367672561713551e-01,0.000000000000000000e+00,0.000000000000000000e+00,0.000000000000000000e+00
-1.646048357638583426e-01,8.555653161460610168e-01,7.483991993629955930e-01,0.000000000000000000e+00,0.000000000000000000e+00,0.000000000000000000e+00
-1.636220305569961453e-01,8.633898013309980746e-01,7.337203820433302326e-01,0.000000000000000000e+00,0.000000000000000000e+00,0.000000000000000000e+00
-1.622057952311976026e-01,8.710242218143269266e-01,7.186359556947845562e-01,0.000000000000000000e+00,0.000000000000000000e+00,0.000000000000000000e+00
-1.603652298354564520e-01,8.784557025114430040e-01,7.031825455400222413e-01,0.000000000000000000e+00,0.000000000000000000e+00,0.000000000000000000e+00
-1.581098935948224149e-01,8.856712899747331003e-01,6.873976727001487319e-01,0.000000000000000000e+00,0.000000000000000000e+00,0.000000000000000000e+00
-1.554497786101513568e-01,8.926579807544453571e-01,6.713196630928434105e-01,0.000000000000000000e+00,0.000000000000000000e+00,0.000000000000000000e+00
-1.523952828554163696e-01,8.994027502295567356e-01,6.549875543764328567e-01,0.000000000000000000e+00,0.000000000000000000e+00,0.000000000000000000e+00
-1.489571825398078586e-01,9.058925818402983055e-01,6.384410011658491202e-01,0.000000000000000000e+00,0.000000000000000000e+00,0.000000000000000000e+00
-1.451466039031802935e-01,9.121144966528190734e-01,6.217201787506020372e-01,0.000000000000000000e+00,0.000000000000000000e+00,0.000000000000000000e+00
-1.409749945145644945e-01,9.180555831854334548e-01,6.048656855485516903e-01,0.000000000000000000e+00,0.000000000000000000e+00,0.000000000000000000e+00
-1.364540941444586930e-01,9.237030274250696005e-01,5.879184445323152319e-01,0.000000000000000000e+00,0.000000000000000000e+00,0.000000000000000000e+00
-1.315959052824265674e-01,9.290441429618363500e-01,5.709196038676505047e-01,0.000000000000000000e+00,0.000000000000000000e+00,0.000000000000000000e+00
-1.264126633721843196e-01,9.340664011691438562e-01,5.539104370050673687e-01,0.000000000000000000e+00,0.000000000000000000e+00,0.000000000000000000e+00
-1.209168068368203230e-01,9.387574613564730885e-01,5.369322424672454686e-01,0.000000000000000000e+00,0.000000000000000000e+00,0.000000000000000000e+00
-1.151209469670916585e-01,9.431052008217457594e-01,5.200262435755763635e-01,0.000000000000000000e+00,0.000000000000000000e+00,0.000000000000000000e+00
-1.090378377458538356e-01,9.470977447302764141e-01,5.032334883592957109e-01,0.000000000000000000e+00,0.000000000000000000e+00,0.000000000000000000e+00
-1.026803456816196558e-01,9.507234957474833825e-01,4.865947498902272739e-01,0.000000000000000000e+00,0.000000000000000000e+00,0.000000000000000000e+00
-9.606141972400802920e-02,9.539711633529309731e-01,4.701504272851284028e-01,0.000000000000000000e+00,0.000000000000000000e+00,0.000000000000000000e+00
-8.919406133342523690e-02,9.568297927638230727e-01,4.539404476160034396e-01,0.000000000000000000e+00,0.000000000000000000e+00,0.000000000000000000e+00
-8.209129477673324238e-02,9.592887933968037295e-01,4.380041689665493121e-01,0.000000000000000000e+00,0.000000000000000000e+00,0.000000000000000000e+00
-7.476613771989852608e-02,9.613379667978290133e-01,4.223802848701159185e-01,0.000000000000000000e+00,0.000000000000000000e+00,0.000000000000000000e+00
-6.723157218767372711e-02,9.629675339709538040e-01,4.071067303611998756e-01,0.000000000000000000e+00,0.000000000000000000e+00,0.000000000000000000e+00
-5.950051595926801606e-02,9.641681620381135076e-01,3.922205898685907632e-01,0.000000000000000000e+00,0.000000000000000000e+00,0.000000000000000000e+00
-5.158579446768641469e-02,9.649309901634074427e-01,3.777580071737982603e-01,0.000000000000000000e+00,0.000000000000000000e+00,0.000000000000000000e+00
-4.350011326898422376e-02,9.652476546769519494e-01,3.637540976533870096e-01,0.000000000000000000e+00,0.000000000000000000e+00,0.000000000000000000e+00
-3.525603114609079936e-02,9.651103133351148777e-01,3.502428630182932712e-01,0.000000000000000000e+00,0.000000000000000000e+00,0.000000000000000000e+00
-2.686593391010860810e-02,9.645116686558241614e-01,3.372571087571407666e-01,0.000000000000000000e+00,0.000000000000000000e+00,0.000000000000000000e+00
-1.834200896008915393e-02,9.634449902696883283e-01,3.248283644840015416e-01,0.000000000000000000e+00,0.000000000000000000e+00,0.000000000000000000e+00
-9.696220660243920486e-03,9.619041362298432762e-01,3.129868073840011422e-01,0.000000000000000000e+00,0.000000000000000000e+00,0.000000000000000000e+00
-9.402865913577529433e-04,9.598835732257725573e-01,3.017611889426419225e-01,0.000000000000000000e+00,0.000000000000000000e+00,0.000000000000000000e+00
7.914345269150316331e-03,9.573783956488012281e-01,2.911787651367473417e-01,0.000000000000000000e+00,0.000000000000000000e+00,0.000000000000000000e+00
1.685651838653151602e-02,9.543843434595535857e-01,2.812652302565247231e-01,0.000000000000000000e+00,0.000000000000000000e+00,0.000000000000000000e+00
2.587538847796649888e-02,9.508978188103771600e-01,2.720446545194273313e-01,0.000000000000000000e+00,0.000000000000000000e+00,0.000000000000000000e+00
3.496044324506472623e-02,9.469159013785600765e-01,2.635394256272918789e-01,0.000000000000000000e+00,0.000000000000000000e+00,0.000000000000000000e+00
4.410152098570127577e-02,9.424363623691107694e-01,2.557701944086466228e-01,0.000000000000000000e+00,0.000000000000000000e+00,0.000000000000000000e+00
5.328882804419544927e-02,9.374576771488969396e-01,2.487558246781793048e-01,0.000000000000000000e+00,0.000000000000000000e+00,0.000000000000000000e+00
6.251295506184659234e-02,9.319790364770935698e-01,2.425133474350997798e-01,0.000000000000000000e+00,0.000000000000000000e+00,0.000000000000000000e+00
7.176489199294265597e-02,9.260003563000924753e-01,2.370579195116081506e-01,0.000000000000000000e+00,0.000000000000000000e+00,0.000000000000000000e+00
8.103604185453515407e-02,9.195222860823430988e-01,2.324027867718696516e-01,0.000000000000000000e+00,0.000000000000000000e+00,0.000000000000000000e+00
9.031823318152931712e-02,9.125462156479610121e-01,2.285592519508494735e-01,0.000000000000000000e+00,0.000000000000000000e+00,0.000000000000000000e+00
9.960373116195971044e-02,9.050742805113826117e-01,2.255366472110962306e-01,0.000000000000000000e+00,0.000000000000000000e+00,0.000000000000000000e+00
1.088852474306990920e-01,8.971093656788378112e-01,2.233423114841051049e-01,0.000000000000000000e+00,0.000000000000000000e+00,0.000000000000000000e+00
1.181559485032774443e-01,8.886551079059558100e-01,2.219815726512779919e-01,0.000000000000000000e+00,0.000000000000000000e+00,0.000000000000000000e+00
1.274094628349560776e-01,8.797158964003974901e-01,2.214577346077440945e-01,0.000000000000000000e+00,0.000000000000000000e+00,0.000000000000000000e+00
1.366398864937060920e-01,8.702968719620234328e-01,2.217720692404509530e-01,0.000000000000000000e+00,0.000000000000000000e+00,0.000000000000000000e+00
1.458417874392617664e-01,8.604039245567363103e-01,2.229238133400031074e-01,0.000000000000000000e+00,0.000000000000000000e+00,0.000000000000000000e+00
1.550102084039698958e-01,8.500436893237821590e-01,2.249101704537465052e-01,0.000000000000000000e+00,0.000000000000000000e+00,0.000000000000000000e+00
1.641406683746914896e-01,8.392235410199490042e-01,2.277263176755990881e-01,0.000000000000000000e+00,0.000000000000000000e+00,0.000000000000000000e+00
1.732291626785701366e-01,8.279515869077445078e-01,2.313654173561420779e-01,0.000000000000000000e+00,0.000000000000000000e+00,0.000000000000000000e+00
1.822721616790102250e-01,8.162366580982658437e-01,2.358186337045397596e-01,0.000000000000000000e+00,0.000000000000000000e+00,0.000000000000000000e+00
1.912666080917261313e-01,8.040882993630875664e-01,2.410751542419771187e-01,0.000000000000000000e+00,0.000000000000000000e+00,0.000000000000000000e+00
2.002099129342109207e-01,7.915167574330725930e-01,2.471222160545275548e-01,0.000000000000000000e+00,0.000000000000000000e+00,0.000000000000000000e+00
2.090999501254256765e-01,7.785329678055501468e-01,2.539451367817068261e-01,0.000000000000000000e+00,0.000000000000000000e+00,0.000000000000000000e+00
2.179350497559154054e-01,7.651485400848001550e-01,2.615273502654740234e-01,0.000000000000000000e+00,0.000000000000000000e+00,0.000000000000000000e+00
2.267139900519124229e-01,7.513757418842147429e-01,2.698504467731213108e-01,0.000000000000000000e+00,0.000000000000000000e+00,0.000000000000000000e+00
2.354359880602772959e-01,7.372274813218868683e-01,2.788942176963929431e-01,0.000000000000000000e+00,0.000000000000000000e+00,0.000000000000000000e+00
2.441006890843516186e-01,7.227172881446678465e-01,2.886367046183009322e-01,0.000000000000000000e+00,0.000000000000000000e+00,0.000000000000000000e+00
2.527081549039400521e-01,7.078592935189568225e-01,2.990542526285052682e-01,0.000000000000000000e+00,0.000000000000000000e+00,0.000000000000000000e+00
2.612588508156958866e-01,6.926682085296219649e-01,3.101215677578036400e-01,0.000000000000000000e+00,0.000000000000000000e+00,0.000000000000000000e+00
2.697536315331582335e-01,6.771593014314700731e-01,3.218117783922861408e-01,0.000000000000000000e+00,0.000000000000000000e+00,0.000000000000000000e+00
2.781937259885433056e-01,6.613483737006378149e-01,3.340965005180313030e-01,0.000000000000000000e+00,0.000000000000000000e+00,0.000000000000000000e+00
2.865807210811628369e-01,6.452517349360756826e-01,3.469459066379359524e-01,0.000000000000000000e+00,0.000000000000000000e+00,0.000000000000000000e+00
2.949165444199819408e-01,6.288861766640120310e-01,3.603287981933434581e-01,0.000000000000000000e+00,0.000000000000000000e+00,0.000000000000000000e+00
3.032034461103556011e-01,6.122689451008656025e-01,3.742126813146313680e-01,0.000000000000000000e+00,0.000000000000000000e+00,0.000000000000000000e+00
3.114439796373814628e-01,5.954177129325181062e-01,3.885638457168339999e-01,0.000000000000000000e+00,0.000000000000000000e+00,0.000000000000000000e+00
3.196409819005742725e-01,5.783505501701812213e-01,4.033474465487407734e-01,0.000000000000000000e+00,0.000000000000000000e+00,0.000000000000000000e+00
3.277975524566936194e-01,5.610858941452631088e-01,4.185275889967388085e-01,0.000000000000000000e+00,0.000000000000000000e+00,0.000000000000000000e+00
3.359170320295449264e-01,5.436425187076665555e-01,4.340674154379808858e-01,0.000000000000000000e+00,0.000000000000000000e+00,0.000000000000000000e+00
3.440029803474092818e-01,5.260395026938294860e-01,4.499291949312687056e-01,0.000000000000000000e+00,0.000000000000000000e+00,0.000000000000000000e+00
3.520591533704436893e-01,5.082961977325356484e-01,4.660744148283678667e-01,0.000000000000000000e+00,0.000000000000000000e+00,0.000000000000000000e+00
3.600894799719222550e-01,4.904321954580864174e-01,4.824638742833188831e-01,0.000000000000000000e+00,0.000000000000000000e+00,0.000000000000000000e+00
3.680980381385556277e-01,4.724672942018235955e-01,4.990577794327012429e-01,0.000000000000000000e+00,0.000000000000000000e+00,0.000000000000000000e+00
3.760890307563355406e-01,4.544214652342093985e-01,5.158158400157584200e-01,0.000000000000000000e+00,0.000000000000000000e+00,0.000000000000000000e+00
3.840667610493811446e-01,4.363148186307522214e-01,5.326973671997776716e-01,0.000000000000000000e+00,0.000000000000000000e+00,0.000000000000000000e+00
3.920356077401412342e-01,4.181675688359318688e-01,5.496613723732114432e-01,0.000000000000000000e+00,0.000000000000000000e+00,0.000000000000000000e+00
3.999999999999999112e-01,4.000000000000001332e-01,5.666666666666665408e-01,0.000000000000000000e+00,0.000000000000000000e+00,0.000000000000000000e+00
