0.000000000000000000e+00,1.087888391674033617e+00,-1.193714044792946322e-01,-1.988525392371118139e+00,-2.446424647105049088e-01,3.131258373854886590e-01,0.000000000000000000e+00
0.000000000000000000e+00,9.736920557495811757e-01,-8.309033898724139944e-02,-2.072836931962699580e+00,-6.822907835232613349e-01,2.173464594738703515e-01,0.000000000000000000e+00
0.000000000000000000e+00,1.020650025649958215e+00,-5.343755502318504186e-02,-1.973094984728817947e+00,-4.189252801892910383e-01,9.162602570770214672e-02,0.000000000000000000e+00
0.000000000000000000e+00,1.004079318326304593e+00,-3.273542694578468470e-02,-1.940422193499217185e+00,-2.751779096915080713e-01,1.651335783142234004e-01,0.000000000000000000e+00
0.000000000000000000e+00,9.701366419620861548e-01,-1.091841670147885440e-02,-1.928887931361812802e+00,-3.115752812863319954e-01,1.266041049687389730e-01,0.000000000000000000e+00
0.000000000000000000e+00,9.372455302257367560e-01,7.596492500245214004e-03,-1.911128355365325771e+00,-3.401000672756826493e-01,8.482413349981719752e-02,0.000000000000000000e+00
0.000000000000000000e+00,9.031811567988323741e-01,2.256921596264034949e-02,-1.892454871894789337e+00,-3.721900010060251174e-01,4.585727890417169716e-02,0.000000000000000000e+00
0.000000000000000000e+00,8.697184234251830182e-01,3.409245930323223650e-02,-1.869254637381252637e+00,-4.024146907102822412e-01,2.258976620747024742e-03,0.000000000000000000e+00
0.000000000000000000e+00,8.355846984239068131e-01,4.226912995584248406e-02,-1.844339640253084722e+00,-3.986196450507574762e-01,-1.572009680497783854e-03,0.000000000000000000e+00
0.000000000000000000e+00,7.997628739992477254e-01,4.737346041402645119e-02,-1.819823892123023645e+00,-3.992624955337579218e-01,-9.020531192076635882e-04,0.000000000000000000e+00
0.000000000000000000e+00,7.635175252525371326e-01,4.949581024820966235e-02,-1.793386408302829471e+00,-4.002256887474494040e-01,1.092011199166950365e-04,0.000000000000000000e+00
0.000000000000000000e+00,7.266696637989428220e-01,4.872311889638936133e-02,-1.765899822918640893e+00,-4.029614468784790127e-01,2.374571375894719664e-03,0.000000000000000000e+00
0.000000000000000000e+00,6.900635048659623516e-01,4.518925490624928903e-02,-1.736003088145555706e+00,-4.044411384307274315e-01,3.954708133388613010e-03,0.000000000000000000e+00
0.000000000000000000e+00,6.528939520112377881e-01,3.900311960749509171e-02,-1.705955805342518783e+00,-4.086507998736698677e-01,7.790525521312383420e-03,0.000000000000000000e+00
0.000000000000000000e+00,6.204923891359239718e-01,3.041914739024236328e-02,-1.664360016846606616e+00,-3.977688927706948818e-01,-6.233239266571796548e-03,0.000000000000000000e+00
0.000000000000000000e+00,5.879154782356559306e-01,1.943883461522214265e-02,-1.622234360836187772e+00,-3.852015049246673706e-01,-1.498864299996061425e-02,0.000000000000000000e+00
0.000000000000000000e+00,5.567880093030124211e-01,6.210910026155108503e-03,-1.575943103743072671e+00,-3.683056355454216724e-01,-2.812355742287415278e-02,0.000000000000000000e+00
0.000000000000000000e+00,5.271887801322181488e-01,-9.163454547682347087e-03,-1.524871894303868158e+00,-3.446574657285532695e-01,-4.488618872082392880e-02,0.000000000000000000e+00
0.000000000000000000e+00,4.951434687045123684e-01,-2.637043439281593071e-02,-1.481759223333270814e+00,-3.371852011067712485e-01,-5.004230208039989192e-02,0.000000000000000000e+00
0.000000000000000000e+00,4.636607633829324393e-01,-4.529999420455781828e-02,-1.438693658962694188e+00,-3.308328394048494769e-01,-5.339868852510380737e-02,0.000000000000000000e+00
0.000000000000000000e+00,4.326562330520890010e-01,-6.578530602478030453e-02,-1.396581635173770541e+00,-3.273661894210223577e-01,-5.450308237306356746e-02,0.000000000000000000e+00
0.000000000000000000e+00,4.035547561429922436e-01,-8.779874652774995181e-02,-1.350806457698284335e+00,-3.192017500284939358e-01,-5.977403962073866289e-02,0.000000000000000000e+00
0.000000000000000000e+00,3.761858870968709523e-01,-1.112532830617793678e-01,-1.301908257021886728e+00,-3.084345668814370556e-01,-6.982111986596969966e-02,0.000000000000000000e+00
0.000000000000000000e+00,3.504784893118071398e-01,-1.359657059291060621e-01,-1.249425077490438074e+00,-2.887000898208078037e-01,-7.943394799977415710e-02,0.000000000000000000e+00
0.000000000000000000e+00,3.270870037868832125e-01,-1.621564061263885692e-01,-1.189139280300852697e+00,-2.590948730444762593e-01,-9.957082870838242228e-02,0.000000000000000000e+00
0.000000000000000000e+00,3.004506424950125765e-01,-1.883662468985494443e-01,-1.152067107253754941e+00,-2.668376191740121084e-01,-9.125070417269177947e-02,0.000000000000000000e+00
0.000000000000000000e+00,2.761583436231263011e-01,-2.153299358994442969e-01,-1.107607764693662622e+00,-2.472378868092502124e-01,-7.587990198447522316e-02,0.000000000000000000e+00
0.000000000000000000e+00,2.553357603724862868e-01,-2.439918623893558569e-01,-1.050351407583101082e+00,-2.231067346330401768e-01,-9.118339619481190261e-02,0.000000000000000000e+00
0.000000000000000000e+00,2.323344492769924829e-01,-2.729267103527502902e-01,-1.018571056406444963e+00,-2.639815094329133749e-01,-1.009008366375527127e-01,0.000000000000000000e+00
0.000000000000000000e+00,2.133136595810784797e-01,-3.027240964497946996e-01,-9.659337007568449263e-01,-2.455470930289173070e-01,-1.090026891258502884e-01,0.000000000000000000e+00
0.000000000000000000e+00,1.899134190801180233e-01,-3.309630504367906956e-01,-9.491329125512971698e-01,-2.794404745445464022e-01,-7.353727451028917173e-02,0.000000000000000000e+00
0.000000000000000000e+00,1.697490517843147639e-01,-3.604757949391275695e-01,-9.191061558943968146e-01,-2.970006198790854923e-01,-5.826991329158254240e-02,0.000000000000000000e+00
0.000000000000000000e+00,1.506496108075165152e-01,-3.902773064431591110e-01,-8.895486753713154338e-01,-3.142847521310699332e-01,-4.274808697178977823e-02,0.000000000000000000e+00
0.000000000000000000e+00,1.321743674067876462e-01,-4.201934092790343134e-01,-8.623963863857152523e-01,-3.344189655314339649e-01,-2.502825307635729926e-02,0.000000000000000000e+00
0.000000000000000000e+00,1.158096677350121811e-01,-4.505098142569073372e-01,-8.312257054193402661e-01,-3.481218415587522541e-01,-1.387411382833946862e-02,0.000000000000000000e+00
0.000000000000000000e+00,1.011107971258962679e-01,-4.810308932167362550e-01,-7.983909236998099068e-01,-3.583208681548653574e-01,-6.068239265967666739e-03,0.000000000000000000e+00
0.000000000000000000e+00,8.809182792970382536e-02,-5.117031586734204218e-01,-7.639569112127305717e-01,-3.647212412269800197e-01,-1.390043108151902676e-03,0.000000000000000000e+00
0.000000000000000000e+00,7.742689822893418505e-02,-5.426867086017673758e-01,-7.250963778000836246e-01,-3.631890738583981038e-01,-3.570396376475328329e-03,0.000000000000000000e+00
0.000000000000000000e+00,6.877220902800842972e-02,-5.739485176951409917e-01,-6.826876969208682810e-01,-3.552564333563237864e-01,-1.150658382211689271e-02,0.000000000000000000e+00
0.000000000000000000e+00,6.157254676743066646e-02,-6.053835853929282473e-01,-6.383975658967390165e-01,-3.425942160570927819e-01,-2.204429401831139654e-02,0.000000000000000000e+00
0.000000000000000000e+00,5.582255848365237638e-02,-6.371016856810408635e-01,-5.913265449399461859e-01,-3.250556255034516839e-01,-3.706929042054778883e-02,0.000000000000000000e+00
0.000000000000000000e+00,4.921089744302923480e-02,-6.673427008477278433e-01,-5.541078371978842565e-01,-2.880104719933471724e-01,-1.016300018420456842e-02,0.000000000000000000e+00
0.000000000000000000e+00,4.432744271723675772e-02,-6.981515659222558012e-01,-5.124346738721771155e-01,-2.741914874481117259e-01,-2.217847318586652419e-02,0.000000000000000000e+00
0.000000000000000000e+00,4.005047848268178390e-02,-7.286404232606094045e-01,-4.724473811831301218e-01,-2.616730284074686996e-01,-3.457056963255469850e-02,0.000000000000000000e+00
0.000000000000000000e+00,3.651645017174739993e-02,-7.590577621280896192e-01,-4.331018150295769531e-01,-2.544171220325437965e-01,-5.355673601779091519e-02,0.000000000000000000e+00
0.000000000000000000e+00,3.346416796638383706e-02,-7.888702519015725612e-01,-3.963942658160759525e-01,-2.449961002549318756e-01,-6.769831775645505922e-02,0.000000000000000000e+00
0.000000000000000000e+00,3.084990626312895598e-02,-8.178955977648371123e-01,-3.631459021022994671e-01,-2.369380171048541817e-01,-7.933700720081106328e-02,0.000000000000000000e+00
0.000000000000000000e+00,2.588227743462494929e-02,-8.415549064133702739e-01,-3.627012831838630769e-01,-2.648279186590601908e-01,-6.107971125725726591e-02,0.000000000000000000e+00
0.000000000000000000e+00,2.122822615035774296e-02,-8.629790237467346303e-01,-3.661405847994409490e-01,-2.676111918646087440e-01,-1.784346775622467837e-02,0.000000000000000000e+00
0.000000000000000000e+00,2.071004333732115454e-02,-8.884524678026921585e-01,-3.425085333039836755e-01,-2.722187725684520054e-01,-4.070756918546728637e-02,0.000000000000000000e+00
0.000000000000000000e+00,5.161028659926992189e-03,-8.978263194335474040e-01,-4.238949181325086246e-01,-3.823964776687515665e-01,6.167099313666972449e-02,0.000000000000000000e+00
0.000000000000000000e+00,1.570672796733340801e-02,-9.273355949578834245e-01,-3.521913882356434433e-01,-2.993347318707952343e-01,-2.277654576812459392e-03,0.000000000000000000e+00
0.000000000000000000e+00,1.781183258070903608e-02,-9.493351958710244398e-01,-3.318737511364737713e-01,-2.828084515030881985e-01,-1.795933222061805307e-02,0.000000000000000000e+00
0.000000000000000000e+00,1.835865133382895420e-02,-9.676433877854093701e-01,-3.305789880980598561e-01,-2.837469962434707726e-01,-1.565959809151075757e-02,0.000000000000000000e+00
0.000000000000000000e+00,1.948965583197316206e-02,-9.849711535545535579e-01,-3.310987488623649555e-01,-2.838833294205013735e-01,-1.407206695808673434e-02,0.000000000000000000e+00
0.000000000000000000e+00,2.090780260061495324e-02,-1.001150254799624051e+00,-3.353193286421280450e-01,-2.858799053446840488e-01,-1.093540330863847568e-02,0.000000000000000000e+00
0.000000000000000000e+00,2.248867436878711559e-02,-1.016272260224526436e+00,-3.435918185314565387e-01,-2.905202925878917486e-01,-5.247489098664835129e-03,0.000000000000000000e+00
0.000000000000000000e+00,2.460769689102972405e-02,-1.031038755473955515e+00,-3.522380294890967711e-01,-2.952628980728295716e-01,-1.643028686532647508e-03,0.000000000000000000e+00
0.000000000000000000e+00,2.297356222915227300e-02,-1.041534718881178545e+00,-3.903353507386457255e-01,-3.338902416504684334e-01,3.414033932546262778e-02,0.000000000000000000e+00
0.000000000000000000e+00,2.656813448103203038e-02,-1.056732090824689552e+00,-3.954168203682768001e-01,-3.272356439178873422e-01,3.962174814830583119e-02,0.000000000000000000e+00
0.000000000000000000e+00,3.151645060246534291e-02,-1.073000945847315757e+00,-3.942780448609403132e-01,-3.038348028177079718e-01,4.872965553919773873e-02,0.000000000000000000e+00
0.000000000000000000e+00,2.270844568367499927e-02,-1.080276068017691049e+00,-4.683703088058553399e-01,-4.053604390724689366e-01,1.183462896556625454e-01,0.000000000000000000e+00
0.000000000000000000e+00,2.800504056073386747e-02,-1.094183431892035374e+00,-4.731695988358026184e-01,-4.103883171016272091e-01,1.018494439844120220e-01,0.000000000000000000e+00
0.000000000000000000e+00,3.345609991902347147e-02,-1.107658027685759272e+00,-4.789173091934381121e-01,-4.242089399346722356e-01,7.672130711245007950e-02,0.000000000000000000e+00
0.000000000000000000e+00,4.001601149352868730e-02,-1.123639474320049736e+00,-4.787500349018534163e-01,-4.103751056896395299e-01,7.610715554490882218e-02,0.000000000000000000e+00
0.000000000000000000e+00,4.700715386168549670e-02,-1.139651241501905110e+00,-4.776785400137379400e-01,-3.952214241786465299e-01,7.462715691808993745e-02,0.000000000000000000e+00
0.000000000000000000e+00,5.629905207449226179e-02,-1.156565158530484583e+00,-4.660064190024152397e-01,-3.676790969039631096e-01,5.720298746755596297e-02,0.000000000000000000e+00
0.000000000000000000e+00,6.148047491694420830e-02,-1.170629299736042794e+00,-4.769393139219895716e-01,-3.739227487183929832e-01,6.328417997792969152e-02,0.000000000000000000e+00
0.000000000000000000e+00,6.796416941571385706e-02,-1.185171546936051978e+00,-4.823912769959586844e-01,-3.714822082332783770e-01,6.439099498168732172e-02,0.000000000000000000e+00
0.000000000000000000e+00,7.488808591296154671e-02,-1.199500452029131026e+00,-4.870446982384966095e-01,-3.679169219716529882e-01,6.413718823154848647e-02,0.000000000000000000e+00
0.000000000000000000e+00,8.261934544022210558e-02,-1.213743699420207323e+00,-4.889729931956029452e-01,-3.600509729516253588e-01,6.043609741359888543e-02,0.000000000000000000e+00
0.000000000000000000e+00,9.015587665701835229e-02,-1.227200907384011996e+00,-4.936173318655443509e-01,-3.557510733676499948e-01,5.909533672077278005e-02,0.000000000000000000e+00
0.000000000000000000e+00,9.797432505090686305e-02,-1.240046153629017267e+00,-4.985504074460114232e-01,-3.511767172932384606e-01,5.732453509108738354e-02,0.000000000000000000e+00
0.000000000000000000e+00,1.061485773112759851e-01,-1.252150344917464908e+00,-5.035137218857557162e-01,-3.468744191347278849e-01,5.309422890674610901e-02,0.000000000000000000e+00
0.000000000000000000e+00,1.150842928603019039e-01,-1.263757053718257861e+00,-5.061711027947108921e-01,-3.370260021099744652e-01,4.647981947050960905e-02,0.000000000000000000e+00
0.000000000000000000e+00,1.237882437263435192e-01,-1.274092642847584278e+00,-5.123916838637371240e-01,-3.311859438372459219e-01,4.235671841880543631e-02,0.000000000000000000e+00
0.000000000000000000e+00,1.319198360835638073e-01,-1.282850049297818762e+00,-5.244942914684663782e-01,-3.321883197524458375e-01,4.368177610497220309e-02,0.000000000000000000e+00
0.000000000000000000e+00,1.396734309396521212e-01,-1.290088152672947963e+00,-5.413271784990207891e-01,-3.382593160810827282e-01,4.910874892230465694e-02,0.000000000000000000e+00
0.000000000000000000e+00,1.469581897188754482e-01,-1.295720062232757153e+00,-5.631258710060540462e-01,-3.502243550444161246e-01,5.835958401286700514e-02,0.000000000000000000e+00
0.000000000000000000e+00,1.541456177945041417e-01,-1.299933693663702039e+00,-5.874963096007509433e-01,-3.644663717120915636e-01,6.874408489875891148e-02,0.000000000000000000e+00
0.000000000000000000e+00,1.654452114113437733e-01,-1.304676559900812771e+00,-5.932305795764156731e-01,-3.458399351219121343e-01,5.742704903301990710e-02,0.000000000000000000e+00
0.000000000000000000e+00,1.774257564824864852e-01,-1.308201515731689302e+00,-5.972214625557518142e-01,-3.218762046675051613e-01,4.233516308454785687e-02,0.000000000000000000e+00
0.000000000000000000e+00,1.894040982583153065e-01,-1.310098237433278578e+00,-6.029404381771490407e-01,-3.005932485345903515e-01,2.435301668929589283e-02,0.000000000000000000e+00
0.000000000000000000e+00,2.012786635576521987e-01,-1.310363817716441392e+00,-6.111797777645485708e-01,-2.806981852770959462e-01,7.495117539809783604e-03,0.000000000000000000e+00
0.000000000000000000e+00,2.131581156244840014e-01,-1.309025873002528595e+00,-6.214322552375287634e-01,-2.617943335869942767e-01,-9.283572403941722437e-03,0.000000000000000000e+00
0.000000000000000000e+00,2.250645849246748487e-01,-1.306088887256700248e+00,-6.336813402600608436e-01,-2.439218886662957442e-01,-2.599363104563631732e-02,0.000000000000000000e+00
0.000000000000000000e+00,2.369593961065870336e-01,-1.301512655543245911e+00,-6.484960151318135413e-01,-2.277626575047599633e-01,-4.170418151531871814e-02,0.000000000000000000e+00
0.000000000000000000e+00,2.487689528489389901e-01,-1.295206140362507918e+00,-6.670825596638544353e-01,-2.148074566040973632e-01,-5.462919134609370980e-02,0.000000000000000000e+00
0.000000000000000000e+00,2.608098381030046209e-01,-1.287435093873998904e+00,-6.864639198794676433e-01,-2.010558874118507089e-01,-6.839588556326006707e-02,0.000000000000000000e+00
0.000000000000000000e+00,2.730050111536844182e-01,-1.278145400002846710e+00,-7.074825932270758511e-01,-1.877350600436451245e-01,-8.182607654940471376e-02,0.000000000000000000e+00
0.000000000000000000e+00,2.852698523238765271e-01,-1.267236322573810137e+00,-7.316121329190949929e-01,-1.768494139189685510e-01,-9.287260580178127722e-02,0.000000000000000000e+00
0.000000000000000000e+00,2.977825182569119322e-01,-1.254908354922478875e+00,-7.566387992940399876e-01,-1.655109658524482052e-01,-1.041971295247993839e-01,0.000000000000000000e+00
0.000000000000000000e+00,3.103497177276778873e-01,-1.240875298324117360e+00,-7.860853757849549650e-01,-1.577845096212830145e-01,-1.104895897428156276e-01,0.000000000000000000e+00
0.000000000000000000e+00,3.236010892589756271e-01,-1.226143706556958923e+00,-8.075815865627204992e-01,-1.381612178908325494e-01,-1.282976049113886130e-01,0.000000000000000000e+00
0.000000000000000000e+00,3.369762943841866920e-01,-1.209996116726685056e+00,-8.314908073697259150e-01,-1.218916332945129688e-01,-1.453327457526724931e-01,0.000000000000000000e+00
0.000000000000000000e+00,3.505360294841809443e-01,-1.192411226960890414e+00,-8.581624238157674611e-01,-1.089039171410407653e-01,-1.604249036577579390e-01,0.000000000000000000e+00
0.000000000000000000e+00,3.643565415241795113e-01,-1.173555229960245638e+00,-8.851434332150260875e-01,-9.529177854201321962e-02,-1.759280368551725815e-01,0.000000000000000000e+00
0.000000000000000000e+00,3.776341114593267934e-01,-1.150159252217589190e+00,-9.425924400430375494e-01,-9.914690119547110714e-02,-1.327973448902980691e-01,0.000000000000000000e+00
0.000000000000000000e+00,3.918103863142340937e-01,-1.127548672549413267e+00,-1.002679128032828215e+00,-1.489455012120481092e-01,-1.244756160509708776e-01,0.000000000000000000e+00
0.000000000000000000e+00,4.069802522803983025e-01,-1.107781018659214967e+00,-9.762616315365520991e-01,-4.546303143261407748e-02,-1.982531483557527230e-01,0.000000000000000000e+00
0.000000000000000000e+00,4.220357451301627316e-01,-1.083718107831381117e+00,-1.007465003424093064e+00,-3.407628568533586227e-02,-2.099696479466634791e-01,0.000000000000000000e+00
0.000000000000000000e+00,4.374683977986614791e-01,-1.058491068625084797e+00,-1.038698092156129738e+00,-2.247124847007562695e-02,-2.219442303997840316e-01,0.000000000000000000e+00
0.000000000000000000e+00,4.561985138550009866e-01,-1.035529549343747746e+00,-1.076738645413420015e+00,-7.252282788549103965e-02,-2.692092081402781001e-01,0.000000000000000000e+00
0.000000000000000000e+00,4.722269608304678901e-01,-1.013261157371063481e+00,-1.073549506807241816e+00,-3.966476236668781130e-02,-3.433427382544624318e-01,0.000000000000000000e+00
0.000000000000000000e+00,4.635702831311672711e-01,-9.622201310416172992e-01,-1.075800715899238647e+00,3.640969483520086203e-01,-1.092576242083120180e-01,0.000000000000000000e+00
0.000000000000000000e+00,4.864044808309949675e-01,-9.328681460068317666e-01,-1.133234375939999428e+00,3.292276293411332544e-01,-8.499188786642321303e-02,0.000000000000000000e+00
0.000000000000000000e+00,4.977162122186267190e-01,-8.998938475094144795e-01,-1.151384042883677683e+00,3.988156413328183270e-01,-8.384162010200302273e-02,0.000000000000000000e+00
0.000000000000000000e+00,5.076874530077951642e-01,-8.663199141637419887e-01,-1.165487118852281290e+00,4.520968492198877975e-01,-1.116921924845553360e-01,0.000000000000000000e+00
0.000000000000000000e+00,5.062560169825512935e-01,-8.316927126202079412e-01,-1.155355868118006502e+00,5.404946233388302490e-01,-1.876189802585563615e-01,0.000000000000000000e+00
0.000000000000000000e+00,5.379504973430677683e-01,-7.983490084576007062e-01,-1.217249662049282533e+00,4.888282237827482613e-01,-1.510934628890799047e-01,0.000000000000000000e+00
0.000000000000000000e+00,5.536948639674119654e-01,-7.611362503131163804e-01,-1.248453732783901149e+00,5.480108023230551018e-01,-1.150909517014953032e-01,0.000000000000000000e+00
0.000000000000000000e+00,5.563072445610021122e-01,-7.231014196359544233e-01,-1.251724529440155331e+00,6.339524643940456228e-01,-1.485335114455144934e-01,0.000000000000000000e+00
0.000000000000000000e+00,5.509398178277854496e-01,-6.859316895578108086e-01,-1.244884120468496835e+00,7.179243671121693371e-01,-2.226687719261383203e-01,0.000000000000000000e+00
0.000000000000000000e+00,5.904157239998558682e-01,-6.486810619367510133e-01,-1.301753162843941602e+00,6.643840888717554849e-01,-1.790393294519504186e-01,0.000000000000000000e+00
0.000000000000000000e+00,6.018495345348453540e-01,-6.083162947826330491e-01,-1.322120609856511253e+00,7.369959545143451862e-01,-1.598339380968943069e-01,0.000000000000000000e+00
0.000000000000000000e+00,5.899735681511527607e-01,-5.704159317769936788e-01,-1.309494719362393145e+00,8.295808591547189081e-01,-2.470143918681356743e-01,0.000000000000000000e+00
0.000000000000000000e+00,6.355090747705737231e-01,-5.308504385440194762e-01,-1.360698259028602974e+00,7.737452796874736416e-01,-1.996037880687915322e-01,0.000000000000000000e+00
0.000000000000000000e+00,6.440342536115108985e-01,-4.909486891243080020e-01,-1.371046466773761185e+00,8.324104707092141453e-01,-2.159054962979288506e-01,0.000000000000000000e+00
0.000000000000000000e+00,6.282854097916092950e-01,-4.553357373848006540e-01,-1.354479188489176922e+00,9.200645585436780793e-01,-3.148217004661885698e-01,0.000000000000000000e+00
0.000000000000000000e+00,6.799966783862483322e-01,-4.142832560096854633e-01,-1.397802073052547778e+00,8.586053227276131405e-01,-2.690474870295754828e-01,0.000000000000000000e+00
0.000000000000000000e+00,6.880893378525277937e-01,-3.747857785709787226e-01,-1.405462146401319723e+00,9.248174116293796931e-01,-2.763475004808152447e-01,0.000000000000000000e+00
0.000000000000000000e+00,6.694101484213321740e-01,-3.418637785885316749e-01,-1.388280804167654647e+00,1.019807509107357069e+00,-3.665916563486273372e-01,0.000000000000000000e+00
0.000000000000000000e+00,7.262132733179764710e-01,-3.009638386345229177e-01,-1.421485308539021331e+00,9.591525677695487140e-01,-3.195658857574224521e-01,0.000000000000000000e+00
0.000000000000000000e+00,7.116166446237509602e-01,-2.650098370792518532e-01,-1.416317270173675036e+00,1.088747885381335712e+00,-3.400467823156654856e-01,0.000000000000000000e+00
0.000000000000000000e+00,7.708299732578153263e-01,-2.259530350254635167e-01,-1.442357640484337011e+00,1.033342655954492262e+00,-2.895220735175058069e-01,0.000000000000000000e+00
0.000000000000000000e+00,8.032437348060269544e-01,-1.925544817787076257e-01,-1.447488198213425115e+00,1.021784401362095807e+00,-3.004921464097015660e-01,0.000000000000000000e+00
0.000000000000000000e+00,8.558016736268048152e-01,-1.601535944960608693e-01,-1.458792407692601545e+00,9.581915250052225330e-01,-2.992896593956587137e-01,0.000000000000000000e+00
0.000000000000000000e+00,8.486404200992795355e-01,-1.316497800175256971e-01,-1.441315865960660414e+00,1.061063168758281883e+00,-3.305369170744583696e-01,0.000000000000000000e+00
0.000000000000000000e+00,9.034595419078484957e-01,-9.975892470795011402e-02,-1.453299912243519287e+00,1.032318302187563486e+00,-2.833203665120540005e-01,0.000000000000000000e+00
0.000000000000000000e+00,9.560076577427111255e-01,-7.427723603738758951e-02,-1.453283317005834352e+00,9.709713744065816554e-01,-2.919063369288938392e-01,0.000000000000000000e+00
0.000000000000000000e+00,9.650850889516600084e-01,-5.178249138064990043e-02,-1.434625465391143662e+00,1.039975100761113547e+00,-3.062961910314981329e-01,0.000000000000000000e+00
0.000000000000000000e+00,1.031448389958959488e+00,-2.603911835496624042e-02,-1.445359253731918425e+00,1.003535079503873551e+00,-2.337621250705186060e-01,0.000000000000000000e+00
0.000000000000000000e+00,1.136728664366657204e+00,-5.092922220315810461e-03,-1.473445745038714394e+00,8.187635159779281802e-01,-1.872447045480956085e-01,0.000000000000000000e+00
0.000000000000000000e+00,1.133082147111842186e+00,7.749232694055199593e-03,-1.429262594127982622e+00,9.193897931256447276e-01,-2.290913941983991897e-01,0.000000000000000000e+00
0.000000000000000000e+00,1.086995266662487136e+00,1.311470073741801551e-02,-1.369080212415075160e+00,1.095059367403040440e+00,-3.214577513005566489e-01,0.000000000000000000e+00
0.000000000000000000e+00,1.155887586845481652e+00,2.701278157838673394e-02,-1.366613130920881991e+00,1.050003073469559345e+00,-2.592254216554523150e-01,0.000000000000000000e+00
0.000000000000000000e+00,1.221922887888567510e+00,3.732646642684557536e-02,-1.362584080397740927e+00,1.015579224761396171e+00,-1.923705688644193890e-01,0.000000000000000000e+00
0.000000000000000000e+00,1.285279538924201104e+00,4.119249756017411002e-02,-1.349346091404675985e+00,9.327153063795766696e-01,-1.917179021719236376e-01,0.000000000000000000e+00
0.000000000000000000e+00,1.354934211880452821e+00,4.388408063461689268e-02,-1.344661719665996902e+00,8.522497009518298361e-01,-1.555102101000932491e-01,0.000000000000000000e+00
0.000000000000000000e+00,1.426771273512744909e+00,4.427107146152310657e-02,-1.346737857490083901e+00,7.731267462390939427e-01,-9.468604171853324536e-02,0.000000000000000000e+00
0.000000000000000000e+00,1.492680124591150959e+00,4.107788098598216808e-02,-1.348074826307102514e+00,7.028877647369995429e-01,-3.104903473625389779e-02,0.000000000000000000e+00
0.000000000000000000e+00,1.574178501175431011e+00,3.236093237705080922e-02,-1.372699261794787740e+00,6.349952957897926353e-01,1.388384580016229497e-01,0.000000000000000000e+00
0.000000000000000000e+00,1.587553294372737289e+00,1.986710879844395122e-02,-1.302282450108346090e+00,7.935795103741888346e-01,1.973359943540884121e-01,0.000000000000000000e+00
0.000000000000000000e+00,1.610352555076698389e+00,7.635524720526882386e-03,-1.256159443560250555e+00,8.326506983600264755e-01,2.006246395943559746e-01,0.000000000000000000e+00
0.000000000000000000e+00,1.644185225814091877e+00,-7.040713327512149872e-03,-1.223214913060928888e+00,8.237197874466288816e-01,2.132010185256431878e-01,0.000000000000000000e+00
0.000000000000000000e+00,1.669968064029972332e+00,-2.276368303198640988e-02,-1.183753782742863025e+00,8.262413384582457665e-01,2.075627450847012945e-01,0.000000000000000000e+00
0.000000000000000000e+00,1.688717050878060233e+00,-3.993020673510121882e-02,-1.137491068929878946e+00,8.487473806427363598e-01,1.957750027951662974e-01,0.000000000000000000e+00
0.000000000000000000e+00,1.711409936452044755e+00,-5.890333608278679883e-02,-1.096552152473377673e+00,8.502045460832078350e-01,1.877293327434286507e-01,0.000000000000000000e+00
0.000000000000000000e+00,1.732306766031139533e+00,-7.921845528055466990e-02,-1.054951739573043001e+00,8.506154558611361827e-01,1.768979399058983326e-01,0.000000000000000000e+00
0.000000000000000000e+00,1.747005354425354984e+00,-1.005041555444776968e-01,-1.008374582304998990e+00,8.667249406839158121e-01,1.595830958649643028e-01,0.000000000000000000e+00
0.000000000000000000e+00,1.765242530038078517e+00,-1.234191304332266231e-01,-9.658228902352637979e-01,8.686999952693437166e-01,1.503784110242187277e-01,0.000000000000000000e+00
0.000000000000000000e+00,1.782249867191465942e+00,-1.474037156007418914e-01,-9.231488467658691688e-01,8.699826862706732111e-01,1.409320792814820200e-01,0.000000000000000000e+00
0.000000000000000000e+00,1.797304074349810099e+00,-1.725242369157749811e-01,-8.790168777147085999e-01,8.799607359491773417e-01,1.370316719968944219e-01,0.000000000000000000e+00
0.000000000000000000e+00,1.810575162840438956e+00,-1.988583882844382200e-01,-8.331208633442546141e-01,9.031942140216608905e-01,1.438529199449263829e-01,0.000000000000000000e+00
0.000000000000000000e+00,1.824343003732128876e+00,-2.252982596354720091e-01,-7.912036955517213199e-01,9.000561891373949353e-01,1.325674255587223904e-01,0.000000000000000000e+00
0.000000000000000000e+00,1.835976313014793249e+00,-2.521755616078130147e-01,-7.489855935361756645e-01,8.968166051436363695e-01,1.166511510757337472e-01,0.000000000000000000e+00
0.000000000000000000e+00,1.840433528947075681e+00,-2.788383381800237926e-01,-7.026578812128592144e-01,9.093565782584621671e-01,8.770251334497289331e-02,0.000000000000000000e+00
0.000000000000000000e+00,1.860717168680647182e+00,-3.082734664082066867e-01,-6.686164161376545456e-01,8.780529586918001117e-01,9.566938434240845890e-02,0.000000000000000000e+00
0.000000000000000000e+00,1.883043916260577211e+00,-3.393045000972266800e-01,-6.368884942991472897e-01,8.449061958338934808e-01,1.208397972140799331e-01,0.000000000000000000e+00
0.000000000000000000e+00,1.892737788002186727e+00,-3.686467260734996310e-01,-5.971862945602361972e-01,8.402084387971814339e-01,1.163530398001157984e-01,0.000000000000000000e+00
0.000000000000000000e+00,1.901107609929659992e+00,-3.972971601660599261e-01,-5.604494234513577311e-01,8.107417859318248876e-01,8.530507620156800586e-02,0.000000000000000000e+00
0.000000000000000000e+00,1.906894266825313045e+00,-4.264811066971895825e-01,-5.208708868428963967e-01,8.055975583866774592e-01,6.938839432356166959e-02,0.000000000000000000e+00
0.000000000000000000e+00,1.906415286326413883e+00,-4.550500451036677552e-01,-4.765296108613449322e-01,8.349897962983973132e-01,5.875431795112245892e-02,0.000000000000000000e+00
0.000000000000000000e+00,1.913995444776376509e+00,-4.852989411565597488e-01,-4.406502537060513203e-01,8.318501245925636889e-01,6.423536805296621577e-02,0.000000000000000000e+00
0.000000000000000000e+00,1.920036181625683902e+00,-5.153694836944735513e-01,-4.052626829404139541e-01,8.299693904104754605e-01,6.728938299413786406e-02,0.000000000000000000e+00
0.000000000000000000e+00,1.924575429225090506e+00,-5.452060699059664284e-01,-3.703181291647101858e-01,8.320997140260262270e-01,7.052498693234066085e-02,0.000000000000000000e+00
0.000000000000000000e+00,1.929013482182631023e+00,-5.749530890393788063e-01,-3.373219595146514371e-01,8.290309719350840156e-01,7.234012395085828717e-02,0.000000000000000000e+00
0.000000000000000000e+00,1.932767356060755670e+00,-6.045589328031915066e-01,-3.054384542955307369e-01,8.283874569751640271e-01,7.702305871670923898e-02,0.000000000000000000e+00
0.000000000000000000e+00,1.935229662547028440e+00,-6.336529914463969737e-01,-2.745502263106344154e-01,8.306269139723633232e-01,8.110705378115309894e-02,0.000000000000000000e+00
0.000000000000000000e+00,1.939124815724399653e+00,-6.635542899749390378e-01,-2.454801423805762495e-01,8.319854879956316562e-01,9.717044529809298892e-02,0.000000000000000000e+00
0.000000000000000000e+00,1.919590183219545443e+00,-6.838264534653941684e-01,-2.067696775380208629e-01,9.301912230228193135e-01,7.538460659677807818e-02,0.000000000000000000e+00
0.000000000000000000e+00,1.887706361039201086e+00,-7.031763191077097241e-01,-1.639867659498468466e-01,1.132809733444802180e+00,1.082547548653338965e-01,0.000000000000000000e+00
0.000000000000000000e+00,1.880205551367253758e+00,-7.242290870332143138e-01,-1.463362559204633706e-01,1.121802518333949061e+00,5.525273733739106269e-02,0.000000000000000000e+00
0.000000000000000000e+00,1.870755345945014581e+00,-7.455227721615899084e-01,-1.274449637702036731e-01,1.124808654794966056e+00,8.676177436922935526e-03,0.000000000000000000e+00
0.000000000000000000e+00,1.868292151894060948e+00,-7.683596252421838191e-01,-1.111060261048045089e-01,1.132753418478910312e+00,6.951502155165362358e-03,0.000000000000000000e+00
0.000000000000000000e+00,1.872611784970498627e+00,-7.922659272330523361e-01,-9.822497128908887210e-02,1.125206264912891774e+00,2.787526509292547264e-02,0.000000000000000000e+00
0.000000000000000000e+00,1.900128333006571468e+00,-8.264337766330720481e-01,-8.673240897620050627e-02,1.040968284380191067e+00,1.025293062634695107e-01,0.000000000000000000e+00
0.000000000000000000e+00,1.845338327596596883e+00,-8.577979382641613970e-01,-5.881126715161047978e-03,9.675986038994485172e-01,-2.985650861879720619e-01,0.000000000000000000e+00
0.000000000000000000e+00,1.834973888605933912e+00,-8.841837306254067830e-01,2.058758762933867933e-02,9.798714658634393171e-01,-3.343305160983681690e-01,0.000000000000000000e+00
0.000000000000000000e+00,1.823499418798352201e+00,-9.117184304535499439e-01,4.900622900674157789e-02,9.943199058375888910e-01,-3.723320268828523294e-01,0.000000000000000000e+00
0.000000000000000000e+00,1.877066614150259660e+00,-9.385407673589091226e-01,2.937509044474436587e-02,7.437238627437948724e-01,-3.328839603330547292e-01,0.000000000000000000e+00
0.000000000000000000e+00,1.862381844648724583e+00,-9.730277940472491505e-01,7.898204979557360561e-02,7.573311744995135930e-01,-4.004951729215481815e-01,0.000000000000000000e+00
0.000000000000000000e+00,1.849717760039545800e+00,-1.002481837275298826e+00,1.133906470568537828e-01,7.756991465302774946e-01,-4.416088330015892072e-01,0.000000000000000000e+00
0.000000000000000000e+00,1.867233155256681432e+00,-1.033576010769798437e+00,1.223324308789562748e-01,6.632101147812929920e-01,-4.444316285735156469e-01,0.000000000000000000e+00
0.000000000000000000e+00,1.857342510618922526e+00,-1.051398102419435654e+00,1.290569352283671978e-01,6.828991112656863649e-01,-4.571845774465722601e-01,0.000000000000000000e+00
0.000000000000000000e+00,1.850440584156836987e+00,-1.047848307070063933e+00,8.602187051493447034e-02,7.129237372650688576e-01,-4.215092099490945765e-01,0.000000000000000000e+00
0.000000000000000000e+00,1.836470409726185693e+00,-1.076716227072747722e+00,1.194423270793424224e-01,7.330177928973787838e-01,-4.649185964330177501e-01,0.000000000000000000e+00
0.000000000000000000e+00,1.854412991015150114e+00,-1.099003282942117465e+00,1.042896912873186727e-01,6.176240325799019493e-01,-4.486922349003715227e-01,0.000000000000000000e+00
0.000000000000000000e+00,1.847143114715494416e+00,-1.093557863437395694e+00,5.595217161869409789e-02,6.483449906997367229e-01,-4.068119902616413874e-01,0.000000000000000000e+00
0.000000000000000000e+00,1.837699627305460437e+00,-1.100701883001209191e+00,3.711173703785242139e-02,6.751705608962313976e-01,-3.928677852933271653e-01,0.000000000000000000e+00
0.000000000000000000e+00,1.827513191616101373e+00,-1.110639041191160636e+00,2.488313760876039241e-02,7.010498190496459170e-01,-3.859326124534264713e-01,0.000000000000000000e+00
0.000000000000000000e+00,1.842339977860529165e+00,-1.131681096545140486e+00,3.198740822223034713e-03,5.887357864376657757e-01,-3.647362363060597801e-01,0.000000000000000000e+00
0.000000000000000000e+00,1.834576839734757492e+00,-1.133855493499674738e+00,-3.029200245360625862e-02,6.198746885633106274e-01,-3.227154420595346185e-01,0.000000000000000000e+00
0.000000000000000000e+00,1.828581599548429804e+00,-1.136359763785496968e+00,-6.668737484317656394e-02,6.515854616482731343e-01,-2.641688603909899680e-01,0.000000000000000000e+00
0.000000000000000000e+00,1.824195145473001878e+00,-1.142756584526824382e+00,-9.732455459846560408e-02,6.764982998639440526e-01,-2.030496288998791532e-01,0.000000000000000000e+00
0.000000000000000000e+00,1.821567538072055070e+00,-1.153209958327166440e+00,-1.220742719213080418e-01,6.895568543027494890e-01,-1.435824960409996520e-01,0.000000000000000000e+00
0.000000000000000000e+00,1.818770562297083782e+00,-1.165684906413443578e+00,-1.422442440775064099e-01,7.089914616396435498e-01,-7.864943090109240142e-02,0.000000000000000000e+00
0.000000000000000000e+00,1.804215782832734094e+00,-1.176077656480527089e+00,-1.431025903241770203e-01,7.589920287069020777e-01,-7.852551924296177766e-02,0.000000000000000000e+00
0.000000000000000000e+00,1.789558539744469767e+00,-1.186309286736269675e+00,-1.448070832646384531e-01,8.080916690854416107e-01,-7.702860834181388117e-02,0.000000000000000000e+00
0.000000000000000000e+00,1.788289736964620458e+00,-1.201344304629008652e+00,-1.588096414677808432e-01,8.050393050254015526e-01,-2.885125978073848838e-02,0.000000000000000000e+00
0.000000000000000000e+00,1.777462299196594042e+00,-1.212743435622410715e+00,-1.630115336692732897e-01,8.163020657118682522e-01,-3.882234836967572017e-02,0.000000000000000000e+00
0.000000000000000000e+00,1.761219382018949231e+00,-1.221835412124309128e+00,-1.626436907426975775e-01,8.433761848958037932e-01,-7.127779435025184684e-02,0.000000000000000000e+00
0.000000000000000000e+00,1.745646299452677574e+00,-1.229703624045269228e+00,-1.666806257760317933e-01,8.923447437838082363e-01,-7.051080296048459206e-02,0.000000000000000000e+00
0.000000000000000000e+00,1.768727278892474164e+00,-1.266550936731615451e+00,-1.677677942127506205e-01,5.661074803280750078e-01,-2.100106285707341591e-01,0.000000000000000000e+00
0.000000000000000000e+00,1.746730583500991418e+00,-1.302760757748754106e+00,-8.261774693904092026e-02,5.462048984569340959e-01,-3.971850434336584024e-01,0.000000000000000000e+00
0.000000000000000000e+00,1.730749484339874300e+00,-1.306602548237977279e+00,-8.998042321449287173e-02,5.897547314781422800e-01,-4.034071560737575446e-01,0.000000000000000000e+00
0.000000000000000000e+00,1.728084288202891505e+00,-1.317206626182513274e+00,-1.022175229673715491e-01,5.484916721717465471e-01,-4.124004272013371830e-01,0.000000000000000000e+00
0.000000000000000000e+00,1.724386672506294849e+00,-1.319098169632308970e+00,-1.326851276636778487e-01,5.266825126084606623e-01,-3.941623688748464582e-01,0.000000000000000000e+00
0.000000000000000000e+00,1.715067895106786588e+00,-1.325196565940161220e+00,-1.407769483429590351e-01,5.211829018124539692e-01,-4.121028245513060906e-01,0.000000000000000000e+00
0.000000000000000000e+00,1.717085984616419259e+00,-1.307666459748381582e+00,-2.298868531211984700e-01,5.180172261953134294e-01,-2.864016040243244077e-01,0.000000000000000000e+00
0.000000000000000000e+00,1.704771114418815348e+00,-1.311159136521736990e+00,-2.335962490468019848e-01,5.218913462034906470e-01,-3.208631826954625454e-01,0.000000000000000000e+00
0.000000000000000000e+00,1.692874123115027274e+00,-1.313525891768245746e+00,-2.393259955439560882e-01,5.229127833703539618e-01,-3.541288248238503300e-01,0.000000000000000000e+00
0.000000000000000000e+00,1.670580416599319662e+00,-1.326792388244519172e+00,-1.970611395993276949e-01,5.466480643369440173e-01,-4.675227692964682991e-01,0.000000000000000000e+00
0.000000000000000000e+00,1.644776857295514816e+00,-1.342136297631725483e+00,-1.485536418488554999e-01,5.884193076981815151e-01,-5.770099699859070341e-01,0.000000000000000000e+00
0.000000000000000000e+00,1.627904282721109208e+00,-1.302170548228173352e+00,-2.489324940966962385e-01,6.912576113628081664e-01,-4.508829508971842204e-01,0.000000000000000000e+00
0.000000000000000000e+00,1.590090027819914820e+00,-1.305230171128139771e+00,-2.219774563562112446e-01,7.884358136729925359e-01,-5.388318218866117171e-01,0.000000000000000000e+00
0.000000000000000000e+00,1.582630613353752436e+00,-1.313612870066258598e+00,-2.095745906085631771e-01,7.388588496543707640e-01,-6.146374581367527457e-01,0.000000000000000000e+00
0.000000000000000000e+00,1.570004653440670417e+00,-1.288535016884795548e+00,-2.732813914329598193e-01,7.779350566713103543e-01,-5.620220741532402364e-01,0.000000000000000000e+00
0.000000000000000000e+00,1.566551367027921859e+00,-1.296378129000155033e+00,-2.605416883641253345e-01,7.055051520961833633e-01,-6.472059716993111556e-01,0.000000000000000000e+00
0.000000000000000000e+00,1.560037576486137167e+00,-1.267710980567317458e+00,-3.341019739109822306e-01,7.171559951486428108e-01,-5.845172148370927356e-01,0.000000000000000000e+00
0.000000000000000000e+00,1.549484084066870437e+00,-1.260569208086776527e+00,-3.480371594299513927e-01,6.986495882455033835e-01,-6.262459100633006592e-01,0.000000000000000000e+00
0.000000000000000000e+00,1.565899130059551503e+00,-1.291466725366040347e+00,-2.925113315547184789e-01,5.109625281407089714e-01,-7.947944807546623025e-01,0.000000000000000000e+00
0.000000000000000000e+00,1.553994224128325774e+00,-1.276512335745796145e+00,-3.195766346816287795e-01,5.110425893814075637e-01,-8.170531706430379515e-01,0.000000000000000000e+00
0.000000000000000000e+00,1.543834365999055658e+00,-1.260893226660473765e+00,-3.481701889590612109e-01,5.024810700637737382e-01,-8.397022554195181510e-01,0.000000000000000000e+00
0.000000000000000000e+00,1.533802601354992579e+00,-1.243626805847360073e+00,-3.788605417222856708e-01,4.932762541493772024e-01,-8.607518933318297760e-01,0.000000000000000000e+00
0.000000000000000000e+00,1.536324596982550750e+00,-1.228455836511096688e+00,-4.173404723032941854e-01,4.284280174459769164e-01,-8.814848786136382230e-01,0.000000000000000000e+00
0.000000000000000000e+00,1.508675428474229419e+00,-1.204091816793212422e+00,-4.407408798510328296e-01,4.949675759751072657e-01,-9.017659903213323114e-01,0.000000000000000000e+00
0.000000000000000000e+00,1.510433762473241348e+00,-1.187854772312112450e+00,-4.760855462608808431e-01,4.327611332710065706e-01,-9.284819223118789822e-01,0.000000000000000000e+00
0.000000000000000000e+00,1.479762417798947682e+00,-1.161360056043281741e+00,-4.985785168749532481e-01,5.065328155306164648e-01,-9.495656814215813757e-01,0.000000000000000000e+00
0.000000000000000000e+00,1.481683930096633128e+00,-1.142364186015917715e+00,-5.357353404043599943e-01,4.446314585687569654e-01,-9.746998421736816631e-01,0.000000000000000000e+00
0.000000000000000000e+00,1.455932556613659612e+00,-1.115345606626188202e+00,-5.614167905686341387e-01,4.936381990071088133e-01,-9.958176310443958013e-01,0.000000000000000000e+00
0.000000000000000000e+00,1.457993303786492945e+00,-1.094175281624934382e+00,-5.997889178733170068e-01,4.314991051561496427e-01,-1.020358339914620771e+00,0.000000000000000000e+00
0.000000000000000000e+00,1.416766520833344423e+00,-1.061203513535509568e+00,-6.218434168910141890e-01,5.353470871954023602e-01,-1.035523136411977241e+00,0.000000000000000000e+00
0.000000000000000000e+00,1.401577999977317024e+00,-1.033763758083125595e+00,-6.538817540801112882e-01,5.369757181681323877e-01,-1.055574552893865148e+00,0.000000000000000000e+00
0.000000000000000000e+00,1.385589131277500607e+00,-1.004685517928046723e+00,-6.870347872191993055e-01,5.404772991665613979e-01,-1.072816973633257120e+00,0.000000000000000000e+00
0.000000000000000000e+00,1.369235217707090113e+00,-9.747333330933632967e-01,-7.198406333612455965e-01,5.436527888319412360e-01,-1.089755126308298960e+00,0.000000000000000000e+00
0.000000000000000000e+00,1.352422365315366859e+00,-9.439361222323713330e-01,-7.521384213494118898e-01,5.467290106486836221e-01,-1.106387621593295068e+00,0.000000000000000000e+00
0.000000000000000000e+00,1.335033205187604377e+00,-9.123196412520783172e-01,-7.837689378815524410e-01,5.499925063513708690e-01,-1.122688428568685781e+00,0.000000000000000000e+00
0.000000000000000000e+00,1.273536388643999206e+00,-8.836437461648938285e-01,-7.843621110565399679e-01,6.871016540552652430e-01,-1.168572509662068271e+00,0.000000000000000000e+00
0.000000000000000000e+00,1.256263124751471061e+00,-8.504158715653223899e-01,-8.159170675634991321e-01,6.842257060174874450e-01,-1.182497845231686107e+00,0.000000000000000000e+00
0.000000000000000000e+00,1.238260694450510124e+00,-8.165574222723278597e-01,-8.462713337821294868e-01,6.817816076481700849e-01,-1.196193524892298798e+00,0.000000000000000000e+00
0.000000000000000000e+00,1.219959529606182702e+00,-7.822042080364335348e-01,-8.753019036076338244e-01,6.783411036169835207e-01,-1.209792073075417695e+00,0.000000000000000000e+00
0.000000000000000000e+00,1.218712112102990908e+00,-7.093205614599178421e-01,-9.884087755056857327e-01,6.510421077609158669e-01,-1.066102571359861528e+00,0.000000000000000000e+00
0.000000000000000000e+00,1.196036691631585658e+00,-7.131567944769209300e-01,-9.324407633279969687e-01,6.292983047503832861e-01,-1.236440330226760143e+00,0.000000000000000000e+00
0.000000000000000000e+00,1.168953831167556912e+00,-6.495643123597570900e-01,-1.009900106165295686e+00,6.627778421204423287e-01,-1.141644285218961663e+00,0.000000000000000000e+00
0.000000000000000000e+00,1.146439895405438225e+00,-6.568349752402932173e-01,-9.468560687256882824e-01,6.398934531925881686e-01,-1.318228785426416971e+00,0.000000000000000000e+00
0.000000000000000000e+00,1.118213361489871938e+00,-5.971949957635592776e-01,-1.011202716308490679e+00,6.647050981932743907e-01,-1.242758334282625166e+00,0.000000000000000000e+00
0.000000000000000000e+00,1.096826535146626647e+00,-6.013048037730879258e-01,-9.546104270101958278e-01,6.428660084178048351e-01,-1.397924403823011863e+00,0.000000000000000000e+00
0.000000000000000000e+00,1.073296398183536393e+00,-5.440755470089336798e-01,-1.011657396801165509e+00,6.465291519395611752e-01,-1.330820335726204950e+00,0.000000000000000000e+00
0.000000000000000000e+00,1.069294449186652285e+00,-4.249721023164521605e-01,-1.191973330622221106e+00,6.457907427849765014e-01,-1.004075619106742812e+00,0.000000000000000000e+00
0.000000000000000000e+00,1.038751887161384113e+00,-4.148681120230850450e-01,-1.152799039407167658e+00,6.333255837234971208e-01,-1.119876911846849898e+00,0.000000000000000000e+00
0.000000000000000000e+00,1.012233626988423119e+00,-5.091634407344252100e-01,-9.288809061990875859e-01,5.914198696573150782e-01,-1.585771797599116129e+00,0.000000000000000000e+00
0.000000000000000000e+00,9.904375933319257141e-01,-4.795724963444494837e-01,-9.322587070916135144e-01,5.767054711025648706e-01,-1.601297629667915778e+00,0.000000000000000000e+00
0.000000000000000000e+00,9.684405018065658233e-01,-4.517651813414031992e-01,-9.320573588275828936e-01,5.605993807180835731e-01,-1.617609352747945817e+00,0.000000000000000000e+00
0.000000000000000000e+00,9.461054013846096344e-01,-4.260092846552606116e-01,-9.280806466156495960e-01,5.434849132041789099e-01,-1.634829626814200410e+00,0.000000000000000000e+00
0.000000000000000000e+00,9.230177458862480755e-01,-4.021171064930560424e-01,-9.207821252726609007e-01,5.263607555916754999e-01,-1.651703126417644052e+00,0.000000000000000000e+00
